country,funding_body,url_source,date,collected_by,file_path
USA,NSF,https://beta.nsf.gov/funding/opportunities/postdoctoral-research-fellowships-biology-prfb,22/06/2022,Michael,USA/NSF_PRFB.txt
USA,NSF,https://beta.nsf.gov/funding/opportunities/research-coordination-networks-undergraduate-biology-education-rcn-ube,22/06/2022,Michael,USA/NSF_RCN-UBE.txt
USA,NSF,https://beta.nsf.gov/funding/opportunities/research-experiences-undergraduates-reu,22/06/2022,Michael,USA/NSF_REU.txt
USA,NSF,https://beta.nsf.gov/funding/opportunities/bio-research-experience-undergraduates-sites-bio-reu-sites,22/06/2022,Michael,USA/NSF_BIO-REU.txt
USA,NSF,https://beta.nsf.gov/funding/opportunities/building-research-capacity-new-faculty-biology-brc-bio,22/06/2022,Michael,USA/NSF_BRC-BIO.txt
USA,NSF,https://beta.nsf.gov/funding/opportunities/leading-culture-change-through-professional-societies-biology-bio-leaps,22/06/2022,Michael,USA/NSF_BIO-LEAP.txt
USA,NSF,https://beta.nsf.gov/funding/opportunities/research-and-mentoring-postbaccalaureates-biological-sciences-ramp,22/06/2022,Michael,USA/NSF_RaMP-2.txt
USA,NSF,https://beta.nsf.gov/funding/opportunities/research-experiences-teachers-sites-biological-sciences-biorets,22/06/2022,Michael,USA/NSF_BIORETS-2.txt
USA,NSF,https://beta.nsf.gov/funding/opportunities/infrastructure-innovation-biological-research-innovation,22/06/2022,Michael,USA/NSF_Innovation.txt
USA,NSF,https://beta.nsf.gov/funding/opportunities/infrastructure-capacity-biological-research-capacity,22/06/2022,Michael,USA/NSF_Capacity.txt
USA,NSF,https://beta.nsf.gov/funding/opportunities/sustaining-infrastructure-biological-research-sustaining,22/06/2022,Michael,USA/NSF_Sustaining.txt
USA,NSF,https://beta.nsf.gov/funding/opportunities/major-research-instrumentation-program-mri,22/06/2022,Michael,USA/NSF_MRI.txt
USA,NSF,https://beta.nsf.gov/funding/opportunities/biology-integration-institutes-bii,22/06/2022,Michael,USA/NSF_BII.txt
USA,NSF,https://beta.nsf.gov/funding/opportunities/center-advancement-and-synthesis-open-environmental-data-and-sciences,22/06/2022,Michael,USA/NSF_CASOEDS.txt
USA,NSF,https://beta.nsf.gov/funding/opportunities/competition-management-operations-and-maintenance-national-ecological,22/06/2022,Micheal,USA/NSF_CMOMNEON.txt
USA,NSF,https://beta.nsf.gov/funding/opportunities/mid-scale-research-infrastructure-1-mid-scale-ri-1,22/06/2022,Michael,USA/NSF_Mid_scale_RI-1.txt
USA,NSF,https://beta.nsf.gov/funding/opportunities/mid-scale-research-infrastructure-2-mid-scale-ri-2,22/06/2022,Michael,USA/NSF_Mid_scale_RI-2.txt
USA,NSF,https://beta.nsf.gov/funding/opportunities/national-artificial-intelligence-research-institutes,22/06/2022,Michael,USA/NSF_NAIRI.txt
USA,NSF,https://beta.nsf.gov/funding/opportunities/national-ecological-observatory-network,22/06/2022,Michael,USA/NSF_NEON.txt
USA,NSF,https://beta.nsf.gov/funding/opportunities/enabling-discovery-through-genomics-edge,22/06/2022,Michael,USA/NSF_EDGE.txt
USA,NSF,https://beta.nsf.gov/funding/opportunities/innovation-corps-teams-program,22/06/2022,Michael,USA/NSF_I-Corps.txt
USA,NSF,https://beta.nsf.gov/funding/opportunities/plant-genome-research-program-pgrp,22/06/2022,Michael,USA/NSF_PGRP.txt
USA,NSF,https://beta.nsf.gov/funding/opportunities/cellular-dynamics-and-function,22/06/2022,Michael,USA/NSF_CDF.txt
USA,NSF,https://beta.nsf.gov/funding/opportunities/macrosystems-biology-and-neon-enabled-science-msb-nes,22/06/2022,Michael,USA/NSF_MSB-NES.txt
USA,NSF,https://beta.nsf.gov/funding/opportunities/mid-career-advancement-mca,22/06/2022,Michael,USA/NSF_MCA.txt
USA,NSF,https://beta.nsf.gov/funding/opportunities/research-assistantships-high-school-students-rahss,22/06/2022,Michael,USA/NSF_RAHSS.txt
USA,NSF,https://beta.nsf.gov/funding/opportunities/research-coordination-networks,22/06/2022,Michael,USA/NSF_RCN.txt
USA,NSF,https://beta.nsf.gov/funding/opportunities/research-experiences-teachers-supplement-opportunity-ret,22/06/2022,Michael,USA/NSF_RET.txt
USA,NSF,https://beta.nsf.gov/funding/opportunities/biodiversity-changing-planet-bocp,22/06/2022,Michael,USA/NSF_BoCP.txt
USA,NSF,https://beta.nsf.gov/funding/opportunities/ecosystem-science-cluster-0,22/06/2022,Michael,USA/NSF_ES.txt
USA,NSF,https://beta.nsf.gov/funding/opportunities/evolutionary-processes-cluster,22/06/2022,Michael,USA/NSF_EP.txt
USA,NSF,https://beta.nsf.gov/funding/opportunities/population-and-community-ecology-cluster,22/06/2022,Michael,USA/NSF_PCE.txt
USA,NSF,https://beta.nsf.gov/funding/opportunities/systematics-and-biodiversity-science-cluster-sbs,22/06/2022,Michael,USA/NSF_SBS.txt
USA,NSF,https://beta.nsf.gov/funding/opportunities/dynamics-integrated-socio-environmental-systems-dises,22/06/2022,Michael,USA/NSF_DISES.txt
USA,NSF,https://beta.nsf.gov/funding/opportunities/ecology-and-evolution-infectious-diseases-eeid,22/06/2022,Michael,USA/NSF_EEID.txt
USA,NSF,https://beta.nsf.gov/funding/opportunities/long-term-research-environmental-biology-ltreb,22/06/2022,Michael,USA/NSF_LTREB.txt
USA,NSF,https://beta.nsf.gov/funding/opportunities/signals-soil,22/06/2022,Michael,USA/NSF_SiS.txt
USA,NSF,https://beta.nsf.gov/funding/opportunities/integrative-research-biology-intbio,22/06/2022,Michael,USA/NSF_IntBIO.txt
USA,NSF,https://beta.nsf.gov/funding/opportunities/long-term-ecological-research-lter,23/06/2022,Michael,USA/NSF_LTER.txt
USA,NSF,https://beta.nsf.gov/funding/opportunities/opportunities-promoting-understanding-through-synthesis-opus,23/06/2022,Michael,USA/NSF_OPUS.txt
USA,NSF,https://beta.nsf.gov/funding/opportunities/critical-aspects-sustainability-cas,23/06/2022,Michael,USA/NSF_CAS.txt
USA,NSF,https://beta.nsf.gov/funding/opportunities/nsf-nist-interaction-basic-and-applied-scientific-research,23/06/2022,Michael,USA/NSF-NIST_IBASR.txt
USA,NSF,https://beta.nsf.gov/funding/opportunities/nsf-simons-collaboration-national-institute-theory-and-mathematics-biology,23/06/2022,Michael,USA/NSF_NITMB.txt
USA,NSF,https://beta.nsf.gov/funding/opportunities/organismal-response-climate-change-orcc,23/06/2022,Michael,USA/NSF_ORCC.txt
USA,NSF,https://beta.nsf.gov/funding/opportunities/behavioral-systems-0,23/06/2022,Michael,USA/NSF_BS.txt
USA,NSF,https://beta.nsf.gov/funding/opportunities/division-integrative-organismal-systems-core-programs-ios,23/06/2022,Michael,USA/NSF_IOS.txt
USA,NSF,https://beta.nsf.gov/funding/opportunities/developmental-systems-0,23/06/2022,Michael,USA/NSF_DS.txt
USA,NSF,https://beta.nsf.gov/funding/opportunities/neural-systems-0,23/06/2022,Michael,USA/NSF_NS.txt
USA,NSF,https://beta.nsf.gov/funding/opportunities/physiological-and-structural-systems-pss,23/06/2022,Michael,USA/NSF_PSS.txt
USA,NSF,https://beta.nsf.gov/funding/opportunities/plant-biotic-interactions,23/06/2022,Michael,USA/NSF_PBI.txt
USA,NSF,https://beta.nsf.gov/funding/opportunities/collaborative-research-computational-neuroscience-crcns,23/06/2022,Michael,USA/NSF_CRCNS.txt
USA,NSF,https://beta.nsf.gov/funding/opportunities/developing-country-collaborations-plant-genome-research,23/06/2022,Michael,USA/NSF_DCC-PGR.txt
USA,NSF,https://beta.nsf.gov/funding/opportunities/nsf-simons-research-centers-mathematics-complex-biological-systems-mathbiosys,23/06/2022,Michael,USA/NSF_MathBioSys.txt
USA,NSF,https://beta.nsf.gov/funding/opportunities/reproducible-cells-and-organoids-directed-differentiation-encoding-recode,23/06/2022,Michael,USA/NSF_RECODE.txt
USA,NSF,https://beta.nsf.gov/funding/opportunities/division-molecular-and-cellular-biosciences-investigator-initiated-research-1,23/06/2022,Michael,USA/NSF_MCB.txt
USA,NSF,https://beta.nsf.gov/funding/opportunities/nsf-participation-era-net-synthetic-biology-erasynbio,23/06/2022,Michael,USA/NSF_ERASynBio.txt
USA,NSF,https://beta.nsf.gov/funding/opportunities/molecular-foundations-biotechnology-mfb,23/06/2022,Michael,USA/NSF_MFB.txt
USA,NSF,https://beta.nsf.gov/funding/opportunities/semiconductor-synthetic-biology-circuits-and-communications-information,23/06/2022,Michael,USA/NSF_SemiSynBio-III.txt
USA,NSF,https://beta.nsf.gov/funding/opportunities/accelerating-research-through-international-network-network-collaborations,23/06/2022,Michael,USA/NSF_AccelNet.txt
USA,NSF,https://beta.nsf.gov/funding/opportunities/advance-organizational-change-gender-equity-stem-academic-professions-advance,23/06/2022,Michael,USA/NSF_ADVANCE.txt
USA,NSF,https://beta.nsf.gov/funding/opportunities/biocomputational-evolution-action-consortium-beacon,23/06/2022,Michael,USA/NSF_BEACON.txt
USA,NSF,https://beta.nsf.gov/funding/opportunities/capacity-biological-field-stations-and-marine-laboratories-fsml,23/06/2022,Michael,USA/NSF_FSML.txt
USA,NSF,https://beta.nsf.gov/funding/opportunities/cyberinfrastructure-sustained-scientific-innovation-cssi,23/06/2022,Michael,USA/NSF_CSSI.txt
USA,NSF,https://beta.nsf.gov/funding/opportunities/dark-dimensions-rna-regulome-d2r2,23/06/2022,Michael,USA/NSF_D2R2.txt
USA,NSF,https://beta.nsf.gov/funding/opportunities/ethical-and-responsible-research-er2,23/06/2022,Michael,USA/NSF_ER2.txt
USA,NSF,https://beta.nsf.gov/funding/opportunities/expanding-capacity-quantum-information-science-and-engineering-expandqise,23/06/2022,Michael,USA/NSF_ExpandQISE.txt
USA,NSF,https://beta.nsf.gov/funding/opportunities/facilitating-research-primarily-undergraduate-institutions,23/06/2022,Michael,USA/NSF_FRPUI.txt
USA,NSF,https://beta.nsf.gov/funding/opportunities/faculty-early-career-development-program-career,23/06/2022,Michael,USA/NSF_CAREER.txt
USA,NSF,https://beta.nsf.gov/funding/opportunities/findable-accessible-interoperable-reusable-open-science-research-coordination,23/06/2022,Michael,USA/NSF_FAIROS-RCN.txt
USA,NSF,https://beta.nsf.gov/funding/opportunities/future-manufacturing-fm,23/06/2022,Michael,USA/NSF_FM.txt
USA,NSF,https://beta.nsf.gov/funding/opportunities/nsf-graduate-research-fellowship-program-grfp,23/06/2022,Michael,USA/NSF_GRFP.txt
USA,NSF,https://beta.nsf.gov/funding/opportunities/growing-convergence-research-gcr,23/06/2022,Michael,USA/NSF_GCR.txt
USA,NSF,https://beta.nsf.gov/funding/opportunities/harnessing-data-revolution-data-science-corps-dsc,23/06/2022,Michael,USA/NSF_DSC.txt
USA,NSF,https://beta.nsf.gov/funding/opportunities/harnessing-data-revolution-institutes-data-intensive-research-science-and-0,23/06/2022,Michael,USA/NSF_IDIRSE.txt
USA,NSF,https://beta.nsf.gov/funding/opportunities/harnessing-data-revolution-institutes-data-intensive-research-science-and,23/06/2022,Michael,USA/NSF_I-DIRSE-IL.txt
USA,NSF,https://beta.nsf.gov/funding/opportunities/harnessing-data-revolution-coordination-hub,23/06/2022,Michael,USA/NSF_HDRCH.txt
USA,NSF,https://beta.nsf.gov/funding/opportunities/historically-black-colleges-and-universities-excellence-research-hbcu-eir,23/06/2022,Michael,USA/NSF_HBCU-EiR.txt
USA,NSF,https://beta.nsf.gov/funding/opportunities/inclusion-across-nation-communities-learners-underrepresented-discoverers,23/06/2022,Michael,USA/NSF_INCLUDES.txt
USA,NSF,https://beta.nsf.gov/funding/opportunities/integrative-strategies-understanding-neural-and-cognitive-systems-ncs,23/06/2022,Michael,USA/NSF_NCS.txt
USA,NSF,https://beta.nsf.gov/funding/opportunities/national-nanotechnology-coordinated-infrastructure-nnci,23/06/2022,Michael,USA/NSF_NNCI.txt
USA,NSF,https://beta.nsf.gov/funding/opportunities/national-science-foundation-research-traineeship-program,23/06/2022,Michael,USA/NSF_NRT.txt
USA,NSF,https://beta.nsf.gov/funding/opportunities/partnership-undergraduate-life-science-education-pulse,23/06/2022,Michael,USA/NSF_PULSE.txt
USA,NSF,https://beta.nsf.gov/funding/opportunities/partnerships-international-research-and-education-pire-0,23/06/2022,Michael,USA/NSF_PIRE.txt
USA,NSF,https://beta.nsf.gov/funding/opportunities/pathways-enable-open-source-ecosystems-pose,23/06/2022,Michael,USA/NSF_POSE.txt
USA,NSF,https://beta.nsf.gov/funding/opportunities/predictive-intelligence-pandemic-prevention-phase-i-development-grants-pipp,23/06/2022,Michael,USA/NSF_PIPP-Phase-I.txt
USA,NSF,https://beta.nsf.gov/funding/opportunities/research-coordination-networks-fostering-and-nurturing-diverse-community-ci,23/06/2022,Michael,USA/NSF_RCN-CI.txt
USA,NSF,https://beta.nsf.gov/funding/opportunities/astronomy-research-experiences-undergraduates-sites-ast-reu-sites,23/06/2022,Michael,USA/NSF_AST-REU-Sites.txt
USA,NSF,https://beta.nsf.gov/funding/opportunities/chemistry-research-experiences-undergraduates-sites-che-reu-sites,23/06/2022,Michael,USA/NSF_CHE-REU-Sites.txt
USA,NSF,https://beta.nsf.gov/funding/opportunities/cise-research-experiences-undergraduates-sites-cise-reu-sites,23/06/2022,Michael,USA/NSF_CISE-REU-Sites.txt
USA,NSF,https://beta.nsf.gov/funding/opportunities/mathematical-sciences-research-experiences-undergraduates-sites-dms-reu-sites,23/06/2022,Michael,USA/NSF_DMS-REU-Sites.txt
USA,NSF,https://beta.nsf.gov/funding/opportunities/oce-research-experiences-undergraduates-sites-oce-reu-sites,23/06/2022,Michael,USA/NSF_OCE-REU-Sites.txt
USA,NSF,https://beta.nsf.gov/funding/opportunities/sbe-research-experiences-undergraduates-sites-sbe-reu-sites,23/06/2022,Michael,USA/NSF_SBE-REU-Sites.txt
USA,NSF,https://beta.nsf.gov/funding/opportunities/science-and-technology-centers-integrative-partnerships,23/06/2022,Michael,USA/NSF_STC-IT.txt
USA,NSF,https://beta.nsf.gov/funding/opportunities/spectrum-innovation-initiative-national-radio-dynamic-zones-sii-nrdz,23/06/2022,Michael,USA/NSF_SII-NRDZ.txt
USA,NSF,https://beta.nsf.gov/funding/opportunities/strengthening-american-infrastructure-sai-1,23/06/2022,Michael,USA/NSF_SAI.txt
USA,NSF,https://beta.nsf.gov/funding/opportunities/understanding-rules-life-emergent-networks-urolen,23/06/2022,Michael,USA/NSF_URoL-EN.txt
USA,NIH,https://commonfund.nih.gov/4Dnucleome,24/06/2022,Michael,USA/NIH_4DNucleome.txt
USA,NIH,https://commonfund.nih.gov/pain,24/06/2022,Michael,USA/NIH_A2CPS.txt
USA,NIH,https://commonfund.nih.gov/bridge2ai,24/06/2022,Michael,USA/NIH_Bridge2AI.txt
USA,NIH,https://commonfund.nih.gov/senescence,24/06/2022,Michael,USA/NIH_SenNet.txt
USA,NIH,https://commonfund.nih.gov/diversity,24/06/2022,Michael,USA/NIH_DPC.txt
USA,NIH,https://commonfund.nih.gov/exrna,24/06/2022,Michael,USA/NIH_ERC.txt
USA,NIH,https://commonfund.nih.gov/first,24/06/2022,Michael,USA/NIH_FIRST.txt
USA,NIH,https://commonfund.nih.gov/KidsFirst,24/06/2022,Michael,USA/NIH_Kids_FIRST.txt
USA,NIH,https://commonfund.nih.gov/globalhealth,24/06/2022,Michael,USA/NIH_GlobalHealth.txt
USA,NIH,https://commonfund.nih.gov/Glycoscience,24/06/2022,Michael,USA/NIH_Glycoscience.txt
USA,NIH,https://commonfund.nih.gov/AfricaData,24/06/2022,Michael,USA/NIH_DS-I-Africa.txt
USA,NIH,https://commonfund.nih.gov/hcscollaboratory,24/06/2022,Michael,USA/NIH_HCSCollab.txt
USA,NIH,https://commonfund.nih.gov/highrisk,24/06/2022,Michael,USA/NIH_HRHR.txt
USA,NIH,https://commonfund.nih.gov/HuBMAP,24/06/2022,Michael,USA/NIH_HuBMAP.txt
USA,NIH,https://commonfund.nih.gov/IDG,24/06/2022,Michael,USA/NIH_IDG.txt
USA,NIH,https://commonfund.nih.gov/KOMP2,24/06/2022,Michael,USA/NIH_KOMP2.txt
USA,NIH,https://commonfund.nih.gov/LINCS,24/06/2022,Michael,USA/NIH_LINCS.txt
USA,NIH,https://commonfund.nih.gov/metabolomics,24/06/2022,Michael,USA/NIH_Metabolomics.txt
USA,NIH,https://commonfund.nih.gov/MolecularTransducers,24/06/2022,Michael,USA/NIH_MoTrPAC.txt
USA,NIH,https://commonfund.nih.gov/nutritionforprecisionhealth,24/06/2022,Michael,USA/NIH_NPH.txt
USA,NIH,https://commonfund.nih.gov/editing,24/06/2022,Michael,USA/NIH_SCGE.txt
USA,NIH,https://commonfund.nih.gov/smaht/,24/06/2022,Michael,USA/NIH_SMaHT.txt
USA,NIH,https://commonfund.nih.gov/sparc,24/06/2022,Michael,USA/NIH_SPARC.txt
USA,NIH,https://commonfund.nih.gov/CryoEM,24/06/2022,Michael,USA/NIH_CryoEM.txt
USA,NIH,https://commonfund.nih.gov/healthdisparitiestransformation,24/06/2022,Michael,USA/NIH_HDAHE.txt
USA,NIH,https://commonfund.nih.gov/Diseases,24/06/2022,Michael,USA/NIH_UDN.txt
USA,NIH,https://commonfund.nih.gov/dataecosystem,24/06/2022,Michael,USA/NIH_CFDE.txt
USA,NOAA,https://cpo.noaa.gov/Meet-the-Divisions/Earth-System-Science-and-Modeling/Earths-Radiation-Budget-ERB,24/06/2022,Michael,USA/NOAA_ERB.txt
USA,NOAA,https://cpo.noaa.gov/Meet-the-Divisions/Earth-System-Science-and-Modeling/AC4,24/06/2022,Michael,USA/NOAA_AC4.txt
USA,NOAA,https://cpo.noaa.gov/Meet-the-Divisions/Earth-System-Science-and-Modeling/Climate-Observations-and-Monitoring,24/06/2022,Michael,USA/NOAA_COM.txt
USA,NOAA,https://cpo.noaa.gov/Meet-the-Divisions/Earth-System-Science-and-Modeling/CVP,24/06/2022,Michael,USA/NOAA_CVP.txt
USA,NOAA,https://cpo.noaa.gov/Divisions-Programs/Earth-System-Science-and-Modeling/Modeling-Analysis-Predictions-and-Projections-MAPP/About-MAPP,24/06/2022,Michael,USA/NOAA_MAPP.txt
USA,NSF,https://beta.nsf.gov/funding/opportunities/ccf-algorithmic-foundations-af,24/06/2022,Michael,USA/NSF_AF.txt
USA,NSF,https://beta.nsf.gov/funding/opportunities/ccf-communications-and-information-foundations-cif,24/06/2022,Michael,USA/NSF_CIF.txt
USA,NSF,https://beta.nsf.gov/funding/opportunities/ccf-foundations-emerging-technologies-fet,24/06/2022,Michael,USA/NSF_FET.txt
USA,NSF,https://beta.nsf.gov/funding/opportunities/ccf-software-and-hardware-foundations-shf,24/06/2022,Michael,USA/NSF_SHF.txt
USA,NSF,https://beta.nsf.gov/funding/opportunities/cns-cns-core-cns-core,24/06/2022,Michael,USA/NSF_CNSCore.txt
USA,NSF,https://beta.nsf.gov/funding/opportunities/iis-human-centered-computing-hcc,24/06/2022,Michael,USA/NSF_HCC.txt
USA,NSF,https://beta.nsf.gov/funding/opportunities/iis-information-integration-and-informatics-iii,24/06/2022,Michael,USA/NSF_III.txt
USA,NSF,https://beta.nsf.gov/funding/opportunities/iis-robust-intelligence-ri,24/06/2022,Michael,USA/NSF_RI.txt
USA,NSF,https://beta.nsf.gov/funding/opportunities/oac-oac-core-research-oac-core,24/06/2022,Michael,USA/NSF_OACCore.txt
USA,NSF,https://beta.nsf.gov/funding/opportunities/cise-community-research-infrastructure-ccri,24/06/2022,Michael,USA/NSF_CCRI.txt
USA,NSF,https://beta.nsf.gov/funding/opportunities/cise-mps-interdisciplinary-faculty-program-quantum-information-science,24/06/2022,Michael,USA/NSF_CISE_MPS.txt
USA,NSF,https://beta.nsf.gov/funding/opportunities/computer-and-information-science-and-engineering-research-initiation,24/06/2022,Michael,USA/NSF_CRII.txt
USA,NSF,https://beta.nsf.gov/funding/opportunities/computer-science-all-csforall-research-and-rpps,24/06/2022,Michael,USA/NSF_RPPS.txt
USA,NSF,https://beta.nsf.gov/funding/opportunities/connections-quantum-information-science-cqis,24/06/2022,Michael,USA/NSF_CQIS.txt
USA,NSF,https://beta.nsf.gov/funding/opportunities/cyber-physical-systems-cps,24/06/2022,Michael,USA/NSF_CPS.txt
USA,NSF,https://beta.nsf.gov/funding/opportunities/designing-materials-revolutionize-and-engineer-our-future-dmref,24/06/2022,Michael,USA/NSF_DMREF.txt
USA,NSF,https://beta.nsf.gov/funding/opportunities/enabling-access-cloud-computing-resources-cise-research-and-education-cloud,24/06/2022,Michael,USA/NSF_Cloud_Access.txt
USA,NSF,https://beta.nsf.gov/funding/opportunities/expeditions-computing-expeditions,24/06/2022,Michael,USA/NSF_Expeditions.txt
USA,NSF,https://beta.nsf.gov/funding/opportunities/formal-methods-field-fmitf,24/06/2022,Michael,USA/NSF_FMitF.txt
USA,NSF,https://beta.nsf.gov/funding/opportunities/foundational-research-robotics-frr,24/06/2022,Michael,USA/NSF_FRR.txt
USA,NSF,https://beta.nsf.gov/funding/opportunities/harnessing-data-revolution-transdisciplinary-research-principles-data-0,24/06/2022,Michael,USA/NSF_HDR_TRIPODS.txt
USA,NSF,https://beta.nsf.gov/funding/opportunities/improving-undergraduate-stem-education-computing-undergraduate-education-iuse,24/06/2022,Michael,USA/NSF_IUSE-CUE.txt
USA,NSF,https://beta.nsf.gov/funding/opportunities/iuseprofessional-formation-engineers-revolutionizing-engineering-departments,24/06/2022,Michael,USA/NSF_IUSE-RED.txt
USA,NSF,https://beta.nsf.gov/funding/opportunities/nsf-quantum-computing-information-science-faculty-fellows-qcis-ff,24/06/2022,Michael,USA/NSF_QCIS-FF.txt
USA,NSF,https://beta.nsf.gov/funding/opportunities/principles-and-practice-scalable-systems-pposs,24/06/2022,Michael,USA/NSF_PPOSS.txt
USA,NSF,https://beta.nsf.gov/funding/opportunities/secure-and-trustworthy-cyberspace-satc,24/06/2022,Michael,USA/NSF_SaTC.txt
USA,NSF,https://beta.nsf.gov/funding/opportunities/secure-and-trustworthy-cyberspace-frontiers-satc-frontiers,24/06/2022,Michael,USA/NSF_SaTCFrontiers.txt
USA,NSF,https://beta.nsf.gov/funding/opportunities/smart-and-connected-communities-scc,24/06/2022,Michael,USA/NSF_SnCC.txt
USA,NSF,https://beta.nsf.gov/funding/opportunities/smart-health-and-biomedical-research-era-artificial-intelligence-and-advanced,24/06/2022,Michael,USA/NSF_SCH.txt
USA,NSF,https://beta.nsf.gov/funding/opportunities/training-based-workforce-development-advanced-cyberinfrastructure,24/06/2022,Michael,USA/NSF_CyberTraining.txt
USA,NSF,https://beta.nsf.gov/funding/opportunities/broadening-participation-computing-bpc-0,24/06/2022,Michael,USA/NSF_BPC.txt
USA,NSF,https://beta.nsf.gov/funding/opportunities/computer-and-information-science-and-engineering-minority-serving,24/06/2022,Michael,USA/NSF_CISE-MSI.txt
USA,NSF,https://beta.nsf.gov/funding/opportunities/designing-accountable-software-systems-dass,24/06/2022,Michael,USA/NSF_DASS.txt
USA,NSF,https://beta.nsf.gov/funding/opportunities/future-semiconductors-teaming-co-design-research-capacity-fuse,24/06/2022,Michael,USA/NSF_FuSe.txt
USA,NSF,https://beta.nsf.gov/funding/opportunities/internet-measurement-research-methodologies-tools-and-infrastructure-imr,24/06/2022,Michael,USA/NSF_IMR.txt
USA,NSF,https://beta.nsf.gov/funding/opportunities/resilient-intelligent-nextg-systems-rings,24/06/2022,Michael,USA/NSF_RINGS.txt
USA,NSF,https://beta.nsf.gov/funding/opportunities/resilient-intelligent-nextg-systems-virtual-organization-rings-vo,24/06/2022,Michael,USA/NSF_RING-VO.txt
USA,NSF,https://beta.nsf.gov/funding/opportunities/education-and-workforce-program,24/06/2022,Michael,USA/NSF_EWF.txt
USA,NSF,https://beta.nsf.gov/funding/opportunities/global-environment-networking-innovations-geni,24/06/2022,Michael,USA/NSF_GENI.txt
USA,NSF,https://beta.nsf.gov/funding/opportunities/campus-cyberinfrastructure-cc,24/06/2022,Michael,USA/NSF_CCstar.txt
USA,NSF,https://beta.nsf.gov/funding/opportunities/japan-us-network-opportunity-juno,24/06/2022,Michael,USA/NSF_JUNO.txt
USA,NSF,https://beta.nsf.gov/funding/opportunities/nsffda-scholar-residence-fda-0,24/06/2022,Michael,USA/NSF_FDA_SiR.txt
USA,NSF,https://beta.nsf.gov/funding/opportunities/platforms-advanced-wireless-research-pawr-establishing-pawr-project-office,24/06/2022,Michael,USA/NSF_PAWR-PPO.txt
USA,NSF,https://beta.nsf.gov/funding/opportunities/us-eu-internet-core-edge-technologies-ice-t,24/06/2022,Michael,USA/NSF_ICE-T.txt
USA,NSF,https://beta.nsf.gov/funding/opportunities/computer-and-network-systems-core-programs-large,24/06/2022,Michael,USA/NSF_CNSCoreL.txt
USA,NSF,https://beta.nsf.gov/funding/opportunities/spectrum-and-wireless-innovation-enabled-future-technologies-swift-0,24/06/2022,Michael,USA/NSF_SWIFT.txt
USA,NSF,https://beta.nsf.gov/funding/opportunities/national-robotics-initiative-30-innovations-integration-robotics-nri-30,24/06/2022,Michael,USA/NSF_NRI-3_0.txt
USA,NSF,https://beta.nsf.gov/funding/opportunities/nsf-program-fairness-artificial-intelligence-collaboration-amazon,24/06/2022,Michael,USA/NSF_PoFAI_CAMZN.txt
USA,NSF,https://beta.nsf.gov/funding/opportunities/research-emerging-technologies-teaching-and-learning,24/06/2022,Michael,USA/NSF_RETTL.txt
USA,NSF,https://beta.nsf.gov/funding/opportunities/advanced-computing-systems-services-adapting-rapid-evolution-science-and,24/06/2022,Michael,USA/NSF_ACSS-ARESER.txt
USA,NSF,https://beta.nsf.gov/funding/opportunities/cyberinfrastructure-emerging-science-and-engineering-research-ceser,24/06/2022,Michael,USA/NSF_CESER.txt
USA,NSF,https://beta.nsf.gov/funding/opportunities/cybersecurity-innovation-cyberinfrastructure-cici,24/06/2022,Michael,USA/NSF_CICI.txt
USA,NSF,https://beta.nsf.gov/funding/opportunities/international-research-and-education-network-connections-irnc,24/06/2022,Michael,USA/NSF_IRCN.txt
USA,NSF,https://beta.nsf.gov/funding/opportunities/computational-and-data-enabled-science-and-engineering-mathematical-and,24/06/2022,Michael,USA/NSF_CDSnE-MSS.txt
USA,NSF,https://beta.nsf.gov/funding/opportunities/advanced-cyberinfrastructure-coordination-ecosystem-services-support-access,24/06/2022,Michael,USA/NSF_ACCESS.txt
USA,NSF,https://beta.nsf.gov/funding/opportunities/advanced-cyberinfrastructure-coordination-ecosystem-services-support,24/06/2022,Michael,USA/NSF_ACCESS-ACO.txt
USA,NSF,https://beta.nsf.gov/funding/opportunities/cyberinfrastructure-centers-excellence-ci-coe,24/06/2022,Michael,USA/NSF_CI-CoE.txt
USA,NSF,https://beta.nsf.gov/funding/opportunities/enabling-quantum-leap-convergent-accelerated-discovery-foundries-quantum,24/06/2022,Michael,USA/NSF_Q-AMASE-i.txt
USA,NSF,https://beta.nsf.gov/funding/opportunities/harnessing-data-revolution-hdr-institutes-data-intensive-research-science-and,24/06/2022,Michael,USA/NSF_I-DIRSE-FW.txt
USA,NSF,https://beta.nsf.gov/funding/opportunities/big-data-regional-innovation-hubs-bd-hubs,25/06/2022,Michael,USA/NSF_BDHubs.txt
USA,NSF,https://beta.nsf.gov/funding/opportunities/civic-innovation-challenge-civic,25/06/2022,Michael,USA/NSF_CIVIC.txt
USA,NSF,https://beta.nsf.gov/funding/opportunities/disrupting-operations-illicit-supply-networks-d-isn,25/06/2022,Michael,USA/NSF_D-ISN.txt
USA,NSF,https://beta.nsf.gov/funding/opportunities/emerging-frontiers-research-and-innovation-efri-engineered-living-systems,25/06/2022,Michael,USA/NSF_EFRI.txt
USA,NSF,https://beta.nsf.gov/funding/opportunities/industry-university-cooperative-research-centers-program-iucrc-0,25/06/2022,Michael,USA/NSF_IUCRC.txt
USA,NSF,https://beta.nsf.gov/funding/opportunities/nsf-dynamic-language-infrastructure-neh-documenting-endangered-languages-dli,25/06/2022,Michael,USA/NSF_DLI-DEL.txt
USA,NSF,https://beta.nsf.gov/funding/opportunities/research-visioning-computer-and-information-science-and-engineering-future,25/06/2022,Michael,USA/NSF_CISE-RV.txt
USA,NSF,https://beta.nsf.gov/funding/opportunities/cybercorps-scholarship-service-sfs-0,25/06/2022,Michael,USA/NSF_SFS.txt
USA,NSF,https://beta.nsf.gov/funding/opportunities/ehr-core-research-ecrcore,25/06/2022,Michael,USA/NSF_ECR_Core.txt
USA,NSF,https://beta.nsf.gov/funding/opportunities/ehr-core-research-resource-coordination-hub-ecr-hub,25/06/2022,Michael,USA/NSF_ECR_Hub.txt
USA,NSF,https://beta.nsf.gov/funding/opportunities/ehr-core-research-building-capacity-stem-education-research,25/06/2022,Michael,USA/NSF_ECR_BCSER.txt
USA,NSF,https://beta.nsf.gov/funding/opportunities/innovations-graduate-education-program,25/06/2022,Michael,USA/NSF_IGE.txt
USA,NSF,https://beta.nsf.gov/funding/opportunities/racial-equity-stem-education-ehr-racial-equity,25/06/2022,Michael,USA/NSF_EHR_RE.txt
USA,NSF,https://beta.nsf.gov/funding/opportunities/science-technology-engineering-and-mathematics-education-postdoctoral,25/06/2022,Michael,USA/NSF_STEM_Ed_PRF.txt
USA,NSF,https://beta.nsf.gov/funding/opportunities/advancing-informal-stem-learning-aisl,25/06/2022,Michael,USA/NSF_AISL.txt
USA,NSF,https://beta.nsf.gov/funding/opportunities/advancing-informal-stem-learning-equity-resource-center,25/06/2022,Michael,USA/NSF_AISL-RC.txt
USA,NSF,https://beta.nsf.gov/funding/opportunities/discovery-research-prek-12-drk-12,25/06/2022,Michael,USA/NSF_DRK-12.txt
USA,NSF,https://beta.nsf.gov/funding/opportunities/innovative-technology-experiences-students-and-teachers-itest,25/06/2022,Michael,USA/NSF_ITEST.txt
USA,NSF,https://beta.nsf.gov/funding/opportunities/advanced-technological-education-ate,25/06/2022,Michael,USA/NSF_ATE.txt
USA,NSF,https://beta.nsf.gov/funding/opportunities/improving-undergraduate-stem-education-education-and-human-resources-iuse-ehr,25/06/2022,Michael,USA/NSF_IUSE-EHR.txt
USA,NSF,https://beta.nsf.gov/funding/opportunities/nsf-scholarships-science-technology-engineering-and-mathematics-program-s,25/06/2022,Michael,USA/NSF_S-STEM.txt
USA,NSF,https://beta.nsf.gov/funding/opportunities/robert-noyce-teacher-scholarship-program,25/06/2022,Michael,USA/NSF_RNTSP.txt
USA,NSF,https://beta.nsf.gov/funding/opportunities/pathways-earth-ocean-polar-and-atmospheric-geospace-sciences-geopaths,25/06/2022,Michael,USA/NSF_GEOPAths.txt
USA,NSF,https://beta.nsf.gov/funding/opportunities/national-stem-education-distributed-learning-nsdl,25/06/2022,Michael,USA/NSF_NSDL.txt
USA,NSF,https://beta.nsf.gov/funding/opportunities/advancing-innovation-and-impact-undergraduate-stem-education-two-year,25/06/2022,Michael,USA/NSF_AIIU2.txt
USA,NSF,https://beta.nsf.gov/funding/opportunities/hsi-program-network-resource-centers-and-hubs-hsi-net,25/06/2022,Michael,USA/NSF_HSI-Net.txt
USA,NSF,https://beta.nsf.gov/funding/opportunities/improving-undergraduate-stem-education-hispanic-serving-institutions-hsi,25/06/2022,Michael,USA/NSF_HSI.txt
USA,NSF,https://beta.nsf.gov/funding/opportunities/scholarships-stem-network-s-stem-net,25/06/2022,Michael,USA/NSF_S-STEM-Net.txt
USA,NSF,https://beta.nsf.gov/funding/opportunities/alliances-graduate-education-and-professoriate-agep,25/06/2022,Michael,USA/NSF_AGEP.txt
USA,NSF,https://beta.nsf.gov/funding/opportunities/centers-research-excellence-science-and-technology-crest-and-hbcu-research,25/06/2022,Michael,USA/NSF_CREST.txt
USA,NSF,https://beta.nsf.gov/funding/opportunities/historically-black-colleges-and-universities-undergraduate-program-hbcu,25/06/2022,Michael,USA/NSF_HBCU_UP.txt
USA,NSF,https://beta.nsf.gov/funding/opportunities/louis-stokes-alliances-minority-participation,25/06/2022,Michael,USA/NSF_LSAMP.txt
USA,NSF,https://beta.nsf.gov/funding/opportunities/lsamp-national-coordination-hub-and-louis-stokes-community-resource-centers,25/06/2022,Michael,USA/NSF_LSAMP_Hub.txt
USA,NSF,https://beta.nsf.gov/funding/opportunities/tribal-colleges-and-universities-program-tcup,25/06/2022,Michael,USA/NSF_TCUP.txt
USA,NSF,https://beta.nsf.gov/funding/opportunities/catalysis-1,25/06/2022,Michael,USA/NSF_Catalysis.txt
USA,NSF,https://beta.nsf.gov/funding/opportunities/electrochemical-systems-0,25/06/2022,Michael,USA/NSF_ECSys.txt
USA,NSF,https://beta.nsf.gov/funding/opportunities/interfacial-engineering,25/06/2022,Michael,USA/NSF_IE.txt
USA,NSF,https://beta.nsf.gov/funding/opportunities/process-systems-reaction-engineering-and-molecular-thermodynamics-1,25/06/2022,Michael,USA/NSF_PSREMT.txt
USA,NSF,https://beta.nsf.gov/funding/opportunities/biophotonics-1,25/06/2022,Michael,USA/NSF_Biophotonics.txt
USA,NSF,https://beta.nsf.gov/funding/opportunities/biosensing-0,25/06/2022,Michael,USA/NSF_Biosensing.txt
USA,NSF,https://beta.nsf.gov/funding/opportunities/cellular-and-biochemical-engineering,25/06/2022,Michael,USA/NSF_Cell_BcE.txt
USA,NSF,https://beta.nsf.gov/funding/opportunities/disability-and-rehabilitation-engineering-dare-1,25/06/2022,Michael,USA/NSF_DARE.txt
USA,NSF,https://beta.nsf.gov/funding/opportunities/engineering-biomedical-systems,25/06/2022,Michael,USA/NSF_EBMS.txt
USA,NSF,https://beta.nsf.gov/funding/opportunities/environmental-engineering-1,25/06/2022,Michael,USA/NSF_EE.txt
USA,NSF,https://beta.nsf.gov/funding/opportunities/environmental-sustainability-1,25/06/2022,Michael,USA/NSF_EnvS.txt
USA,NSF,https://beta.nsf.gov/funding/opportunities/nanoscale-interactions,25/06/2022,Michael,USA/NSF_NI.txt
USA,NSF,https://beta.nsf.gov/funding/opportunities/combustion-and-fire-systems-2,25/06/2022,Michael,USA/NSF_CFS.txt
USA,NSF,https://beta.nsf.gov/funding/opportunities/fluid-dynamics-1,25/06/2022,Michael,USA/NSF_FD.txt
USA,NSF,https://beta.nsf.gov/funding/opportunities/particulate-and-multiphase-processes-1,25/06/2022,Michael,USA/NSF_PMP.txt
USA,NSF,https://beta.nsf.gov/funding/opportunities/thermal-transport-processes-1,25/06/2022,Michael,USA/NSF_TTP.txt
USA,NSF,https://beta.nsf.gov/funding/opportunities/accelerating-innovations-biomanufacturing-approaches-through-collaboration,25/06/2022,Michael,USA/NSF_DOE-ABF.txt
USA,NSF,https://beta.nsf.gov/funding/opportunities/computational-and-data-enabled-science-and-engineering-cdse-0,25/06/2022,Michael,USA/NSF_CDSnE.txt
USA,NSF,https://beta.nsf.gov/funding/opportunities/designing-synthetic-cells-beyond-bounds-evolution-designer-cells,25/06/2022,Michael,USA/NSF_DC.txt
USA,NSF,https://beta.nsf.gov/funding/opportunities/ecosystem-leading-innovation-plasma-science-and-engineering-eclipse,25/06/2022,Michael,USA/NSF_ECLIPSE.txt
USA,NSF,https://beta.nsf.gov/funding/opportunities/engineering-research-initiation-eri,25/06/2022,Michael,USA/NSF_ERI.txt
USA,NSF,https://beta.nsf.gov/funding/opportunities/environmental-convergence-opportunities-chemical-bioengineering-environmental,25/06/2022,Michael,USA/NSF_ECO-CBET.txt
USA,NSF,https://beta.nsf.gov/funding/opportunities/nsf-directorate-engineering-ukri-engineering-and-physical-sciences-research,25/06/2022,Michael,USA/NSF_ENG-EPSRC
USA,NSF,https://beta.nsf.gov/funding/opportunities/nsf-dfg-lead-agency-activity-chemistry-and-transport-confined-spaces-nsf-dfg,25/06/2022,Michael,USA/NSF_DFG_Confine.txt
USA,NSF,https://beta.nsf.gov/funding/opportunities/nsfcasis-collaboration-tissue-engineering-and-mechanobiology-international-0,25/06/2022,Michael,USA/NSF_CASIS.txt
USA,NSF,https://beta.nsf.gov/funding/opportunities/transport-phenomena-research-international-space-station-benefit-life-earth,25/06/2022,Michael,USA/NSF_ISS.txt
USA,NSF,https://beta.nsf.gov/funding/opportunities/re-entry-active-research-program-rare,25/06/2022,Michael,USA/NSF_RARE.txt
USA,NSF,https://beta.nsf.gov/funding/opportunities/advanced-manufacturing-am,25/06/2022,Michael,USA/NSF_AM.txt
USA,NSF,https://beta.nsf.gov/funding/opportunities/dynamics-control-and-cognition-dcc,25/06/2022,Michael,USA/NSF_DCC.txt
USA,NSF,https://beta.nsf.gov/funding/opportunities/dynamics-control-and-systems-diagnostics-dcsd-0,25/06/2022,Michael,USA/NSF_DCSD.txt
USA,NSF,https://beta.nsf.gov/funding/opportunities/mind-machine-and-motor-nexus-m3x,25/06/2022,Michael,USA/NSF_M3X.txt
USA,NSF,https://beta.nsf.gov/funding/opportunities/engineering-civil-infrastructure-eci,25/06/2022,Michael,USA/NSF_ECI.txt
USA,NSF,https://beta.nsf.gov/funding/opportunities/natural-hazards-engineering-research-infrastructure-nheri,25/06/2022,Michael,USA/NSF_NHERI.txt
USA,NSF,https://beta.nsf.gov/funding/opportunities/mechanics-engineering-materials,25/06/2022,Michael,USA/NSF_MEM.txt
USA,NSF,https://beta.nsf.gov/funding/opportunities/biomechanics-and-mechanobiology-bmmb,25/06/2022,Michael,USA/NSF_BMMB.txt
USA,NSF,https://beta.nsf.gov/funding/opportunities/mechanics-materials-and-structures-moms,25/06/2022,Michael,USA/NSF_MOMS.txt
USA,NSF,https://beta.nsf.gov/funding/opportunities/operations-and-design-od,25/06/2022,Michael,USA/NSF_OD.txt
USA,NSF,https://beta.nsf.gov/funding/opportunities/civil-infrastructure-systems-cis,25/06/2022,Michael,USA/NSF_CIS.txt
USA,NSF,https://beta.nsf.gov/funding/opportunities/engineering-design-and-systems-engineering-edse,25/06/2022,Michael,USA/NSF_EDSE.txt
USA,NSF,https://beta.nsf.gov/funding/opportunities/humans-disasters-and-built-environment-hdbe,25/06/2022,Michael,USA/NSF_HDBE.txt
USA,NSF,https://beta.nsf.gov/funding/opportunities/operations-engineering-oe,25/06/2022,Michael,USA/NSF_OE.txt
USA,NSF,https://beta.nsf.gov/funding/opportunities/leading-engineering-americas-prosperity-health-and-infrastructure-leap-hi,25/06/2022,Michael,USA/NSF_LEAP.txt
USA,NSF,https://beta.nsf.gov/funding/opportunities/nsf-boosting-research-ideas-transformative-and-equitable-advances-engineering,25/06/2022,Michael,USA/NSF_BRITE.txt
USA,NSF,https://beta.nsf.gov/funding/opportunities/electronics-photonics-and-magnetic-devices-epmd-0,25/06/2022,Michael,USA/NSF_EPMD.txt
USA,NSF,https://beta.nsf.gov/funding/opportunities/energy-power-control-and-networks-epcn-0,25/06/2022,Michael,USA/NSF_EPCN.txt
USA,NSF,https://beta.nsf.gov/funding/opportunities/addressing-systems-challenges-through-engineering-teams-ascent-0,25/06/2022,Michael,USA/NSF_ASCENT.txt
USA,NSF,https://beta.nsf.gov/funding/opportunities/centers-and-networks,25/06/2022,Michael,USA/NSF_EEC_CN.txt
USA,NSF,https://beta.nsf.gov/funding/opportunities/gen-4-engineering-research-centers-erc,25/06/2022,Michael,USA/NSF_ERC.txt
USA,NSF,https://beta.nsf.gov/funding/opportunities/broadening-participation-engineering-bpe-1,25/06/2022,Michael,USA/NSF_BPE.txt
USA,NSF,https://beta.nsf.gov/funding/opportunities/pfe-research-initiation-engineering-formation-pfe-rief,25/06/2022,Michael,USA/NSF_PFE_RIEF.txt
USA,NSF,https://beta.nsf.gov/funding/opportunities/research-formation-engineers-rfe,25/06/2022,Michael,USA/NSF_RFE.txt
USA,NSF,https://beta.nsf.gov/funding/opportunities/emerging-frontiers-and-multidisciplinary-activities-efma,25/06/2022,Michael,USA/NSF_EFMA.txt
USA,NSF,https://beta.nsf.gov/funding/opportunities/germination-germination-research-questions-addressing-critical-societal,25/06/2022,Michael,USA/NSF_GERMINATION.txt
USA,NSF,https://beta.nsf.gov/funding/opportunities/future-work-human-technology-frontier-core-research-fw-htf,25/06/2022,Michael,USA/NSF_FW-HTF.txt
USA,NSF,https://beta.nsf.gov/funding/opportunities/atmospheric-and-geospace-sciences-postdoctoral-research-fellowships-ags-prf,26/06/2022,Michael,USA/NSF_AGS-PRF.txt
USA,NSF,https://beta.nsf.gov/funding/opportunities/atmospheric-chemistry,26/06/2022,Michael,USA/NSF_AC.txt
USA,NSF,https://beta.nsf.gov/funding/opportunities/climate-and-large-scale-dynamics-cld,26/06/2022,Michael,USA/NSF_CLD.txt
USA,NSF,https://beta.nsf.gov/funding/opportunities/paleoclimate,26/06/2022,Michael,USA/NSF_PaleoC.txt
USA,NSF,https://beta.nsf.gov/funding/opportunities/physical-and-dynamic-meteorology-pdm,26/06/2022,Michael,USA/NSF_PDM.txt
USA,NSF,https://beta.nsf.gov/funding/opportunities/aeronomy,26/06/2022,Michael,USA/NSF_Aeronomy.txt
USA,NSF,https://beta.nsf.gov/funding/opportunities/coupling-energetics-and-dynamics-atmospheric-regions-cedar,26/06/2022,Michael,USA/NSF_CEDAR.txt
USA,NSF,https://beta.nsf.gov/funding/opportunities/geospace-environment-modeling-gem,26/06/2022,Michael,USA/NSF_GEM.txt
USA,NSF,https://beta.nsf.gov/funding/opportunities/geospace-facilities-gf,26/06/2022,Michael,USA/NSF_GF.txt
USA,NSF,https://beta.nsf.gov/funding/opportunities/magnetospheric-physics,26/06/2022,Michael,USA/NSF_MP.txt
USA,NSF,https://beta.nsf.gov/funding/opportunities/solar-terrestrial,26/06/2022,Michael,USA/NSF_ST.txt
USA,NSF,https://beta.nsf.gov/funding/opportunities/solar-heliospheric-and-interplanetary-environment-shine-0,26/06/2022,Michael,USA/NSF_SHINE.txt
USA,NSF,https://beta.nsf.gov/funding/opportunities/education-programs-atmospheric-and-geospace-sciences,26/06/2022,Michael,USA/NSF_EPAGS.txt
USA,NSF,https://beta.nsf.gov/funding/opportunities/national-center-atmospheric-research-ncar,26/06/2022,Michael,USA/NSF_NCAR.txt
USA,NSF,https://beta.nsf.gov/funding/opportunities/facility-and-instrumentation-request-process-firp,26/06/2022,Michael,USA/NSF_FIRP.txt
USA,NSF,https://beta.nsf.gov/funding/opportunities/facilities-atmospheric-research-and-education-fare-0,26/06/2022,Michael,USA/NSF_FARE.txt
USA,NSF,https://beta.nsf.gov/funding/opportunities/geoscience-opportunities-leadership-diversity-gold-en,26/06/2022,Michael,USA/NSF_GOLD-EN.txt
USA,NSF,https://beta.nsf.gov/funding/opportunities/geobiology-and-low-temperature-geochemistry,26/06/2022,Michael,USA/NSF_GG.txt
USA,NSF,https://beta.nsf.gov/funding/opportunities/geomorphology-and-land-use-dynamics,26/06/2022,Michael,USA/NSF_GLD.txt
USA,NSF,https://beta.nsf.gov/funding/opportunities/geophysics-ph-0,26/06/2022,Michael,USA/NSF_PH.txt
USA,NSF,https://beta.nsf.gov/funding/opportunities/hydrologic-sciences,26/06/2022,Michael,USA/NSF_HS.txt
USA,NSF,https://beta.nsf.gov/funding/opportunities/petrology-and-geochemistry-ch-0,26/06/2022,Michael,USA/NSF_CH.txt
USA,NSF,https://beta.nsf.gov/funding/opportunities/sedimentary-geology-and-paleobiology-sgp-0,26/06/2022,Michael,USA/NSF_SGP.txt
USA,NSF,https://beta.nsf.gov/funding/opportunities/tectonics,26/06/2022,Michael,USA/NSF_Tectonics.txt
USA,NSF,https://beta.nsf.gov/funding/opportunities/cooperative-studies-earths-deep-interior-csedi,26/06/2022,Michael,USA/NSF_CSEDI.txt
USA,NSF,https://beta.nsf.gov/funding/opportunities/ear-education-and-human-resources-eh,26/06/2022,Michael,USA/NSF_EH.txt
USA,NSF,https://beta.nsf.gov/funding/opportunities/earth-sciences-instrumentation-and-facilities-earif,26/06/2022,Michael,USA/NSF_EAR-IF.txt
USA,NSF,https://beta.nsf.gov/funding/opportunities/frontier-research-earth-sciences-fres,26/06/2022,Michael,USA/NSF_FRES.txt
USA,NSF,https://beta.nsf.gov/funding/opportunities/ear-postdoctoral-fellowships-ear-pf,26/06/2022,Michael,USA/NSF_EAR-PF.txt
USA,NSF,https://beta.nsf.gov/funding/opportunities/centers-innovation-and-community-engagement-solid-earth-geohazards,26/06/2022,Michael,USA/NSF_CICESEG.txt
USA,NSF,https://beta.nsf.gov/funding/opportunities/geoinformatics-gi,26/06/2022,Michael,USA/NSF_GI.txt
USA,NSF,https://beta.nsf.gov/funding/opportunities/biological-oceanography,26/06/2022,Michael,USA/NSF_BO.txt
USA,NSF,https://beta.nsf.gov/funding/opportunities/physical-oceanography,26/06/2022,Michael,USA/NSF_PO.txt
USA,NSF,https://beta.nsf.gov/funding/opportunities/chemical-oceanography,26/06/2022,Michael,USA/NSF_CO.txt
USA,NSF,https://beta.nsf.gov/funding/opportunities/marine-geology-and-geophysics-mgg,26/06/2022,Michael,USA/NSF_MGnG.txt
USA,NSF,https://beta.nsf.gov/funding/opportunities/oce-education,26/06/2022,Michael,USA/NSF_OCEEd.txt
USA,NSF,https://beta.nsf.gov/funding/opportunities/ocean-drilling-program-odp,26/06/2022,Michael,USA/NSF_ODP.txt
USA,NSF,https://beta.nsf.gov/funding/opportunities/ocean-technology-and-interdisciplinary-coordination,26/06/2022,Michael,USA/NSF_OTIC.txt
USA,NSF,https://beta.nsf.gov/funding/opportunities/oceanographic-facilities-and-equipment-support,26/06/2022,Michael,USA/NSF_OFES.txt
USA,NSF,https://beta.nsf.gov/funding/opportunities/ocean-sciences-postdoctoral-research-fellowships-oce-prf-0,26/06/2022,Michael,USA/NSF_OCE-PRF.txt
USA,NSF,https://beta.nsf.gov/funding/opportunities/antarctic-research,26/06/2022,Michael,USA/NSF_AR.txt
USA,NSF,https://beta.nsf.gov/funding/opportunities/arctic-doctoral-dissertation-research-improvement-grants-arctic-social,26/06/2022,Michael,USA/NSF_DDRIG.txt
USA,NSF,https://beta.nsf.gov/funding/opportunities/archiving-and-discovering-data-and-metadata-generated-through-projects-funded,26/06/2022,Michael,USA/NSF_ADDM.txt
USA,NSF,https://beta.nsf.gov/funding/opportunities/arctic-observing-networks-aon,26/06/2022,Michael,USA/NSF_AON.txt
USA,NSF,https://beta.nsf.gov/funding/opportunities/arctic-research-opportunities,26/06/2022,Michael,USA/NSF_ARO.txt
USA,NSF,https://beta.nsf.gov/funding/opportunities/arctic-system-sciences,26/06/2022,Michael,USA/NSF_ASS.txt
USA,NSF,https://beta.nsf.gov/funding/opportunities/curatorial-stewardship-national-collection-geological-rock-sediment-cores,26/06/2022,Michael,USA/NSF_CGRSASO.txt
USA,NSF,https://beta.nsf.gov/funding/opportunities/dynamic-language-infrastructure-doctoral-dissertation-research-improvement,26/06/2022,Michael,USA/NSF_DLI-DDRI.txt
USA,NSF,https://beta.nsf.gov/funding/opportunities/office-polar-programs-postdoctoral-research-fellowships-opp-prf,26/06/2022,Michael,USA/NSF_OPP-PRF.txt
USA,NSF,https://beta.nsf.gov/funding/opportunities/ship-based-technical-support-arctic,26/06/2022,Michael,USA/NSF_SbTSA.txt
USA,NSF,https://beta.nsf.gov/funding/opportunities/windows-universe-era-multi-messenger-astrophysics-wou-mma,26/06/2022,Michael,USA/NSF_WoU-MMA.txt
USA,NSF,https://beta.nsf.gov/funding/opportunities/arctic-natural-sciences-ans,26/06/2022,Michael,USA/NSF_ANS.txt
USA,NSF,https://beta.nsf.gov/funding/opportunities/cultural-transformation-geoscience-community-ctgc,26/06/2022,Michael,USA/NSF_CTGC.txt
USA,NSF,https://beta.nsf.gov/funding/opportunities/navigating-new-arctic-nna,26/06/2022,Michael,USA/NSF_NNA.txt
USA,NSF,https://beta.nsf.gov/funding/opportunities/epscor-research-infrastructure-improvement-program-track-1-rii-track-1,26/06/2022,Michael,USA/NSF_RII-T1.txt
USA,NSF,https://beta.nsf.gov/funding/opportunities/nsf-regional-innovation-engines-nsf-engines-program,26/06/2022,Michael,USA/NSF_Engines.txt
USA,NSF,https://beta.nsf.gov/funding/opportunities/research-security-training-united-states-research-community,26/06/2022,Michael,USA/NSF_RSTUSRC.txt
USA,NSF,https://beta.nsf.gov/funding/opportunities/epscor-research-infrastructure-improvement-track-4-epscor-research-fellows,26/06/2022,Michael,USA/NSF_RII-T4.txt
USA,NSF,https://beta.nsf.gov/funding/opportunities/epscor-research-infrastructure-improvement-program-bridging-epscor,26/06/2022,Michael,USA/NSF_RII-BEC.txt
USA,NSF,https://beta.nsf.gov/funding/opportunities/epscor-research-infrastructure-improvement-program-track-2-focused-epscor-0,26/06/2022,Michael,USA/NSF_RII-T2.txt
USA,NSF,https://beta.nsf.gov/funding/opportunities/broadening-participation-stem-entrepreneurship-and-innovation-bpinnovate,26/06/2022,Michael,USA/NSF_BPINNOVATE.txt
USA,NSF,https://beta.nsf.gov/funding/opportunities/non-academic-research-internships-graduate-students-intern-supplemental,26/06/2022,Michael,USA/NSF_INTERN.txt
USA,NSF,https://beta.nsf.gov/funding/opportunities/developing-long-term-strategies-transform-manufacturing,26/06/2022,Michael,USA/NSF_DLSTM.txt
USA,NSF,https://beta.nsf.gov/funding/opportunities/established-program-stimulate-competitive-research-workshop-opportunities-eps,26/06/2022,Michael,USA/NSF_EPS-WO.txt
USA,NSF,https://beta.nsf.gov/funding/opportunities/international-research-experiences-students-ires-0,26/06/2022,Michael,USA/NSF_IRES.txt
USA,NSF,https://beta.nsf.gov/funding/opportunities/centers-chemical-innovation-cci,26/06/2022,Michael,USA/NSF_CCI.txt
USA,NSF,https://beta.nsf.gov/funding/opportunities/partnerships-enhanced-engagement-research,26/06/2022,Michael,USA/NSF_PEER.txt
USA,NSF,https://beta.nsf.gov/funding/opportunities/nsf-convergence-accelerator-phases-1-and-2-2022-cohort-tracks-h-i-j,26/06/2022,Michael,USA/NSF_CAP12.txt
USA,NSF,https://beta.nsf.gov/funding/opportunities/sbe-ukri-lead-agency-opportunity-sbe-ukri,26/06/2022,Michael,USA/NSF_SBE-UKRI.txt
USA,NSF,https://beta.nsf.gov/funding/opportunities/trans-atlantic-platform-recovery-renewal-and-resilience-post-pandemic-world-t,26/06/2022,Michael,USA/NSF_T-AP-RRR.txt
USA,NSF,https://beta.nsf.gov/funding/opportunities/advanced-technologies-and-instrumentation-ati-0,26/06/2022,Michael,USA/NSF_ATI.txt
USA,NSF,https://beta.nsf.gov/funding/opportunities/arecibo-observatory,26/06/2022,Michael,USA/NSF_AO.txt
USA,NSF,https://beta.nsf.gov/funding/opportunities/astronomy-and-astrophysics-research-grants-aag,26/06/2022,Michael,USA/NSF_AAG.txt
USA,NSF,https://beta.nsf.gov/funding/opportunities/daniel-k-inouye-solar-telescope-dkist,26/06/2022,Michael,USA/NSF_DKIST.txt
USA,NSF,https://beta.nsf.gov/funding/opportunities/education-and-special-programs-astronomical-sciences-esp,26/06/2022,Michael,USA/NSF_ESP.txt
USA,NSF,https://beta.nsf.gov/funding/opportunities/partnerships-astronomy-astrophysics-research-and-education-paare,26/06/2022,Michael,USA/NSF_PAARE.txt
USA,NSF,https://beta.nsf.gov/funding/opportunities/electromagnetic-spectrum-management-esm,26/06/2022,Michael,USA/NSF_ESM.txt
USA,NSF,https://beta.nsf.gov/funding/opportunities/green-bank-observatory-gbo,26/06/2022,Michael,USA/NSF_GBO.txt
USA,NSF,https://beta.nsf.gov/funding/opportunities/international-gemini-observatory,26/06/2022,Michael,USA/NSF_IGO.txt
USA,NSF,https://beta.nsf.gov/funding/opportunities/launching-early-career-academic-pathways-mathematical-and-physical-sciences,26/06/2022,Michael,USA/NSF_LEAPS-MPS.txt
USA,NSF,https://beta.nsf.gov/funding/opportunities/mathematical-and-physical-sciences-ascending-postdoctoral-research,26/06/2022,Michael,USA/NSF_MPS-Ascend.txt
USA,NSF,https://beta.nsf.gov/funding/opportunities/mid-scale-innovations-program-astronomical-sciences-msip,26/06/2022,Michael,USA/NSF_MSIP.txt
USA,NSF,https://beta.nsf.gov/funding/opportunities/mps-ascend-external-mentoring-mps-ascend-em,26/06/2022,Michael,USA/NSF_MPS-Asc-EM.txt
USA,NSF,https://beta.nsf.gov/funding/opportunities/national-radio-astronomy-observatory-nrao,26/06/2022,Michael,USA/NSF_NRAO.txt
